_id,isPb,wpm,acc,rawWpm,consistency,charStats,mode,mode2,quoteLength,restartCount,testDuration,afkDuration,incompleteTestSeconds,punctuation,numbers,language,funbox,difficulty,lazyMode,blindMode,bailedOut,tags,timestamp
693e2c7b3540add646d7940b,,81.61,93.39,92.01,76.71,102;1;1;0,time,15,-1,0,15,0,0,false,false,english,,normal,false,false,false,,1765682299000
693e2c643540add646d79393,,92.78,95.12,92.78,78.09,116;0;0;0,time,15,-1,0,15,0,0,false,false,english,,normal,false,false,false,,1765682276000
690fefa93ba5c30337483c22,,99.98,97.66,99.98,79.99,125;0;0;0,time,15,-1,0,15,0,0,false,false,english,,normal,false,false,false,,1762652073000
68fc476158e46f71a94a36cf,,75.98,96.94,75.98,59.77,95;0;0;0,time,15,-1,0,15,1,0,false,false,english,,normal,false,false,false,,1761363809000
68f0861ec2c5004cd44279ce,,92.78,98.31,92.78,75.94,116;0;0;0,time,15,-1,0,15,0,0,false,false,english,,normal,false,false,false,,1760593438000
68f085ffc2c5004cd44278d1,,107.87,100,107.87,90.93,135;0;0;0,time,15,-1,0,15.02,0,0,false,false,english,,normal,false,false,false,,1760593407000
68d6c04adcd5c426feadd3e7,,95.99,95.28,95.99,74.53,120;0;0;0,time,15,-1,0,15,0,0,false,false,english,,normal,false,false,false,,1758904394000
68c64e41dcd5c426fe156114,,89.59,98.25,89.59,76.07,112;0;0;0,time,15,-1,0,15,0,0,false,false,english,,normal,false,false,false,,1757826625000
68c64e2ddcd5c426fe1560a7,,95.2,99.17,95.2,84.19,119;0;0;0,time,15,-1,0,15,0,0,false,false,english,,normal,false,false,false,,1757826605000
68c64e1adcd5c426fe156036,,90.4,98.32,94.4,83.75,113;1;0;0,time,15,-1,0,15,0,0,false,false,english,,normal,false,false,false,,1757826586000
68c64e05dcd5c426fe155fcd,,104.78,100,104.78,80.63,131;0;0;0,time,15,-1,0,15,0,0,false,false,english,,normal,false,false,false,,1757826565000
68c1d49fdcd5c426feef89e8,,72.79,97.85,72.79,79.43,91;0;0;0,time,15,-1,0,15,0,0,false,false,english,,normal,false,false,false,,1757533343000
68c06587dcd5c426fee12611,,85.6,93.91,85.6,69.26,107;0;0;0,time,15,-1,0,15,0,0,false,false,english,,normal,false,false,false,,1757439367000
68c06574dcd5c426fee124ee,,87.18,92.44,91.18,70.01,109;2;1;0,time,15,-1,0,15,0,0,false,false,english,,normal,false,false,false,,1757439348000
68acf24e895ff374fced4726,,66.4,91.49,66.4,66.81,83;0;0;0,time,15,-1,0,15,0,0,false,false,english,,normal,false,false,false,,1756164686000
68acf23b895ff374fced46b3,,88,97.37,88,72.49,110;0;0;0,time,15,-1,0,15,0,0,false,false,english,,normal,false,false,false,,1756164667000
68acf21f895ff374fced4602,,88.79,96.52,88.79,70.77,111;0;0;0,time,15,-1,0,15,0,0,false,false,english,,normal,false,false,false,,1756164639000
68acf208895ff374fced4585,,91.98,97.46,91.98,79.31,115;0;0;0,time,15,-1,0,15,0,0,false,false,english,,normal,false,false,false,,1756164616000
68910f4020ac094ae8302788,,105.5,100,105.5,86.75,132;0;0;0,time,15,-1,0,15.01,0,0,false,false,english,,normal,false,false,false,,1754337088000
687888fef2e5b9acfdf19177,,88.78,95.8,93.58,67.63,111;1;1;0,time,15,-1,0,15,0,0,false,false,english,,normal,false,false,false,,1752729854000
68716d057718545366da5927,,100.69,98.44,100.69,80.93,126;0;0;0,time,15,-1,0,15.02,0,0,false,false,english,,normal,false,false,false,,1752263941000
686dcd1e7718545366b91176,true,108.79,99.27,108.79,79.67,136;0;0;0,time,15,-1,0,15,0,0,false,false,english,,normal,false,false,false,,1752026398000
683413bddf21a5c1daeca521,,92.79,97.48,92.79,76.32,116;0;0;0,time,15,-1,0,15,0,0,false,false,english,,normal,false,false,false,,1748243389000
6826e034df21a5c1da65fa18,,87.18,99.09,87.18,77.92,109;0;0;0,time,15,-1,0,15,0,0,false,false,english,,normal,false,false,false,,1747378228000
681ee013df21a5c1da1026ce,,87.98,95.65,89.58,82.39,110;2;0;0,time,15,-1,0,15,0,0,false,false,english,,normal,false,false,false,,1746853907000
681d9703df21a5c1da0258d7,,70.39,93.62,70.39,68.37,88;0;0;0,time,15,-1,0,15,0,0,false,false,english,,normal,false,false,false,,1746769667000
681d96eedf21a5c1da02580c,,59.19,87.91,69.59,72.11,74;5;1;1,time,15,-1,0,15,0,0,false,false,english,,normal,false,false,false,,1746769646000
681ceb63df21a5c1dafbc9d5,,98.39,97.62,98.39,79.7,123;0;0;0,time,15,-1,0,15,0,0,false,false,english,,normal,false,false,false,,1746725731000
681ceb49df21a5c1dafbc837,,78.39,91.96,81.59,66.17,98;1;0;1,time,15,-1,0,15,0,0,false,false,english,,normal,false,false,false,,1746725705000
6807cdfa571a92858c6bae53,,105.59,97.06,105.59,81.78,132;0;0;0,time,15,-1,0,15,0,0,false,false,english,,normal,false,false,false,,1745341946000
68071b29571a92858c62a866,,75.99,96.23,83.19,77.2,95;0;2;0,time,15,-1,0,15,0,0,false,false,english,,normal,false,false,false,,1745296169000
680531c0571a92858c4fe9be,,94.39,95.97,94.39,72.96,118;0;0;0,time,15,-1,0,15,0,0,false,false,english,,normal,false,false,false,,1745170880000
680428bb571a92858c474a40,,92.78,96.69,92.78,76.71,116;0;0;0,time,15,-1,0,15,0,0,false,false,english,,normal,false,false,false,,1745103035000
6803244e571a92858c3e17ff,,86.38,95.58,86.38,79.51,108;0;0;0,time,15,-1,0,15,0,0,false,false,english,,normal,false,false,false,,1745036366000
68032438571a92858c3e1748,,100.79,99.21,100.79,84.53,126;0;0;0,time,15,-1,0,15,0,0,false,false,english,,normal,false,false,false,,1745036344000
6800aefe435c447d2b6b6660,,80.79,95.41,83.19,67.65,101;1;0;0,time,15,-1,0,15,0,0,false,false,english,,normal,false,false,false,,1744875262000
67fd77cc435c447d2b482cf3,,96.79,98.39,96.79,82.08,121;0;0;0,time,15,-1,0,15,0,0,false,false,english,,normal,false,false,false,,1744664524000
67fcaac52c70a16b7eeaf4ac,,89.56,98.25,89.56,68.94,112;0;0;0,time,15,-1,0,15.01,0,0,false,false,english,,normal,false,false,false,,1744612037000
67fcaab22c70a16b7eeaf3c1,,93.6,98.32,93.6,78.18,117;0;0;0,time,15,-1,0,15,0,0,false,false,english,,normal,false,false,false,,1744612018000
67fcaa9f2c70a16b7eeaf2e2,,103.99,99.24,103.99,79.75,130;0;0;0,time,15,-1,0,15,0,0,false,false,english,,normal,false,false,false,,1744611999000
67f5f0f32c70a16b7ea4f267,,100.77,97.67,100.77,79.29,126;0;0;0,time,15,-1,0,15.01,0,0,false,false,english,,normal,false,false,false,,1744171251000
67f5b6702c70a16b7ea300d8,,79.19,96.12,79.19,75.13,99;0;0;0,time,15,-1,0,15,0,0,false,false,english,,normal,false,false,false,,1744156272000
67f2ffd91b4e1d1a386dbb36,,87.2,95.61,88,77.57,109;1;0;0,time,15,-1,0,15,0,0,false,false,english,,normal,false,false,false,,1743978457000
67eb61ad1d4f6d42a8713ab9,,88.79,97.46,91.99,67.89,111;1;0;0,time,15,-1,0,15,0,0,false,false,english,,normal,false,false,false,,1743479213000
67eadc871d4f6d42a86c34f7,,84,99.07,84,85.48,105;0;0;0,time,15,-1,0,15,0,0,false,false,english,,normal,false,false,false,,1743445127000
67eadc701d4f6d42a86c33b1,,92.8,98.32,92.8,74.18,116;0;0;0,time,15,-1,0,15,0,0,false,false,english,,normal,false,false,false,,1743445104000
67eadbe81d4f6d42a86c2bcd,,96,96.06,99.2,78.07,120;1;0;1,time,15,-1,0,15,0,0,false,false,english,,normal,false,false,false,,1743444968000
67eadbd51d4f6d42a86c2aa7,,89.59,96.61,89.59,74.63,112;0;0;0,time,15,-1,0,15,0,0,false,false,english,,normal,false,false,false,,1743444949000
67e0eb5ef65fb0e23fdcc8cf,,97.59,99.19,97.59,88.05,122;0;0;0,time,15,-1,0,15,0,0,false,false,english,,normal,false,false,false,,1742793566000
67e0eb43f65fb0e23fdcc7fb,,72.78,96.88,72.78,75.93,91;0;0;0,time,15,-1,0,15,0,0,false,false,english,,normal,false,false,false,,1742793539000
67df163ac756633072ed0995,,98.39,99.2,98.39,84.41,123;0;0;0,time,15,-1,0,15,0,0,false,false,english,,normal,false,false,false,,1742673466000
67ddd10cc756633072e210fb,,87.99,93.28,87.99,73.78,110;0;0;0,time,15,-1,0,15,0,0,false,false,english,,normal,false,false,false,,1742590220000
67d66a2e4e66d8ea7e4fc89b,,91.19,96.61,91.19,83.35,114;0;0;0,time,15,-1,0,15,0,0,false,false,english,,normal,false,false,false,,1742105134000
67d66a1a4e66d8ea7e4fc7f8,,93.58,95.9,93.58,73.87,117;0;0;0,time,15,-1,0,15,0,0,false,false,english,,normal,false,false,false,,1742105114000
67d487134e66d8ea7e403ba3,,93.59,99.15,93.59,82.1,117;0;0;0,time,15,-1,0,15,0,0,false,false,english,,normal,false,false,false,,1741981459000
67d3aa1f4e66d8ea7e359c60,,72.77,93.14,75.97,67.7,91;1;0;0,time,15,-1,0,15.01,0,0,false,false,english,,normal,false,false,false,,1741924895000
67cdf09772da54e6423bed6e,,99.19,100,99.19,85.04,124;0;0;0,time,15,-1,0,15,0,0,false,false,english,,normal,false,false,false,,1741549719000
67cdf07372da54e6423bec15,,74.4,93,74.4,79.02,93;0;0;0,time,15,-1,0,15,0,0,false,false,english,,normal,false,false,false,,1741549683000
67cb2dc872da54e642224f76,,87.19,98.2,87.19,70.07,109;0;0;0,time,15,-1,0,15,0,0,false,false,english,,normal,false,false,false,,1741368776000
67cb2da772da54e642224d2e,,82.39,95.45,82.39,64.57,103;0;0;0,time,15,-1,0,15,0,0,false,false,english,,normal,false,false,false,,1741368743000
67b2c4ef6de0b0fec4793fd7,,83.98,96.36,87.98,81.59,105;3;1;0,time,15,-1,0,15,0,0,false,false,english,,normal,false,false,false,,1739769071000
67b295ec6de0b0fec4778c31,,89.59,97.39,89.59,76.83,112;0;0;0,time,15,-1,0,15,0,0,false,false,english,,normal,false,false,false,,1739757036000
67a12aa7dbed5525562e98d0,,97.59,98.39,97.59,81.02,122;0;0;0,time,15,-1,0,15,0,0,false,false,english,,normal,false,false,false,,1738615463000
67a12a93dbed5525562e97c7,,78.39,92.45,78.39,73.42,98;0;0;0,time,15,-1,0,15,0,0,false,false,english,,normal,false,false,false,,1738615443000
679fa7c5dbed5525561d4e79,,95.99,96.8,95.99,80.08,120;0;0;0,time,15,-1,0,15,0,0,false,false,english,,normal,false,false,false,,1738516421000
679d40d1dbed5525560884ee,,83.18,96.3,83.18,68.25,104;0;0;0,time,15,-1,0,15,0,0,false,false,english,,normal,false,false,false,,1738358993000
679d40bddbed552556088428,,93.59,98.32,93.59,80.76,117;0;0;0,time,15,-1,0,15,0,0,false,false,english,,normal,false,false,false,,1738358973000
6796905149deeea627c9d5f9,,103.19,96.35,107.99,84.07,129;2;0;0,time,15,-1,0,15,0,0,false,false,english,,normal,false,false,false,,1737920593000
6795a0d149deeea627c10574,,103.99,97.78,106.39,82.79,130;1;0;0,time,15,-1,0,15,0,0,false,false,english,,normal,false,false,false,,1737859281000
679537b249deeea627be175e,,85.59,97.35,85.59,80.09,107;0;0;0,time,15,-1,0,15,0,0,false,false,english,,normal,false,false,false,,1737832370000
6778ca879894964293e97931,,79.99,92.59,80.79,71.67,100;1;0;0,time,15,-1,0,15,0,0,false,false,english,,normal,false,false,false,,1735969415000
6778ca6b9894964293e9785b,,53.59,82.22,63.99,63.5,67;4;1;0,time,15,-1,0,15,0,0,false,false,english,,normal,false,false,false,,1735969387000
677570d89894964293cb93d1,,83.99,94.64,83.99,77.13,105;0;0;0,time,15,-1,0,15,0,0,false,false,english,,normal,false,false,false,,1735749848000
6764c45b1df1c69f15779ceb,,74.39,91.18,74.39,63.51,93;0;0;0,time,15,-1,0,15,0,0,false,false,english,,normal,false,false,false,,1734657115000
676287c51df1c69f155d8970,,86.4,98.2,86.4,75.93,108;0;0;0,time,15,-1,0,15,0,0,false,false,english,,normal,false,false,false,,1734510533000
676279261df1c69f155cf9e1,,98.39,96.88,98.39,78.24,123;0;0;0,time,15,-1,0,15,0,0,false,false,english,,normal,false,false,false,,1734506790000
676243cb1df1c69f155b2188,,84.79,99.07,84.79,77.21,106;0;0;0,time,15,-1,0,15,0,0,false,false,english,,normal,false,false,false,,1734493131000
676243b81df1c69f155b20ef,,76.79,96.04,76.79,68.63,96;0;0;0,time,15,-1,0,15,0,0,false,false,english,,normal,false,false,false,,1734493112000
67621e141df1c69f1559f9aa,,76.78,90,79.98,72.43,96;2;0;0,time,15,-1,0,15,0,0,false,false,english,,normal,false,false,false,,1734483476000
676089571df1c69f15480c05,,102.39,98.46,102.39,87.6,128;0;0;0,time,15,-1,0,15,0,0,false,false,english,,normal,false,false,false,,1734379863000
675f4a7b1df1c69f1539f4bd,,87.19,97.35,87.19,69.02,109;0;0;0,time,15,-1,0,15,0,0,false,false,english,,normal,false,false,false,,1734298235000
675f4a671df1c69f1539f42c,,92.78,98.36,96.78,74.66,116;0;0;1,time,15,-1,0,15,0,0,false,false,english,,normal,false,false,false,,1734298215000
675e45091df1c69f1530b6e5,,92.8,99.15,92.8,76.5,116;0;0;0,time,15,-1,0,15,0,0,false,false,english,,normal,false,false,false,,1734231305000
67538b0444765f7d6cab7736,,71.99,94.79,71.99,75.26,90;0;0;0,time,15,-1,0,15,0,0,false,false,english_1k,,normal,false,false,false,,1733528324000
67538aa244765f7d6cab7457,,97.58,96.83,97.58,74.73,122;0;0;0,time,15,-1,0,15,0,0,false,false,english,,normal,false,false,false,,1733528226000
67521ccd44765f7d6c9a72b7,,95.99,96,95.99,74.96,120;0;0;0,time,15,-1,0,15,0,0,false,false,english,,normal,false,false,false,,1733434573000
674e803686fa6e365f07c9a0,,99.99,97.66,99.99,75.47,125;0;0;0,time,15,-1,0,15,0,0,false,false,english,,normal,false,false,false,,1733197878000
674836eb86fa6e365fc7e0af,,75.99,92.23,75.99,67.72,95;0;0;0,time,15,-1,0,15,0,0,false,false,english,,normal,false,false,false,,1732785899000
6742687586fa6e365f891cc4,,81.59,93.69,85.59,71.74,102;3;1;0,time,15,-1,0,15,0,0,false,false,english,,normal,false,false,false,,1732405365000
6742663686fa6e365f890f66,,71.19,93.33,71.19,63.13,89;0;0;0,time,15,-1,0,15,0,0,false,false,english,,normal,false,false,false,,1732404790000
673fa67a72e2e364f413015a,,77.6,95.1,77.6,75.28,97;0;0;0,time,15,-1,0,15,0,0,false,false,english,,normal,false,false,false,,1732224634000
673fa65f72e2e364f412fffc,,83.19,96.3,83.19,78.36,104;0;0;0,time,15,-1,0,15,0,0,false,false,english,,normal,false,false,false,,1732224607000
673fa5f772e2e364f412fb18,,87.18,96.46,87.18,80.69,109;0;0;0,time,15,-1,0,15,0,0,false,false,english,,normal,false,false,false,,1732224503000
673fa2dd72e2e364f412d65a,,95.99,98.36,95.99,78.53,120;0;0;0,time,15,-1,0,15,0,0,false,false,english,,normal,false,false,false,,1732223709000
673ce5c372e2e364f4efe872,,100.78,97.67,101.58,82.09,126;1;0;0,time,15,-1,0,15,0,0,false,false,english,,normal,false,false,false,,1732044227000
6737e286cb87917df27bebb1,,87.19,97.32,87.99,72.83,109;1;0;0,time,15,-1,0,15,0,0,false,false,english,,normal,false,false,false,,1731715718000
67354ff0cb87917df25aed2d,,71.99,91.84,71.99,68.95,90;0;0;0,time,15,-1,0,15,0,0,false,false,english,,normal,false,false,false,,1731547120000
672dad96cb87917df203a54c,,87.98,96.64,92.78,71.46,110;1;0;0,time,15,-1,0,15,0,0,false,false,english,,normal,false,false,false,,1731046805000
672bf058cb87917df2ef2152,,70.4,88.89,70.4,73.01,88;0;0;0,time,15,-1,0,15,0,0,false,false,english,,normal,false,false,false,,1730932824000
672bf034cb87917df2ef200a,,82.39,97.22,82.39,78.36,103;0;0;0,time,15,-1,0,15,0,0,false,false,english,,normal,false,false,false,,1730932788000
672b0022cb87917df2e25ef6,,89.59,98.25,89.59,80.9,112;0;0;0,time,15,-1,0,15,0,0,false,false,english,,normal,false,false,false,,1730871330000
672b0002cb87917df2e25def,,82.39,92.79,82.39,70.07,103;0;0;0,time,15,-1,0,15,0,0,false,false,english,,normal,false,false,false,,1730871298000
672083f050538de2c25cb160,,94.39,98.33,94.39,73.78,118;0;0;0,time,15,-1,0,15,0,0,false,false,english,,normal,false,false,false,,1730184176000
671701e150538de2c2f3a410,,70.39,92,74.39,65.51,88;0;0;1,time,15,-1,0,15,0,0,false,false,english,,normal,false,false,false,,1729561057000
671701ce50538de2c2f3a34a,,94.39,99.16,94.39,79.18,118;0;0;0,time,15,-1,0,15,0,0,false,false,english,,normal,false,false,false,,1729561038000
671701bb50538de2c2f3a271,,79.99,92.66,79.99,79.61,100;0;0;0,time,15,-1,0,15,0,0,false,false,english,,normal,false,false,false,,1729561019000
670d52ef3b43e6c05dfadb51,,79.99,91.82,83.19,75.78,100;1;1;0,time,15,-1,0,15,0,0,false,false,english,,normal,false,false,false,,1728926447000
670d52d53b43e6c05dfad9ae,,90.4,98.28,90.4,80.84,113;0;0;0,time,15,-1,0,15,0,0,false,false,english,,normal,false,false,false,,1728926421000
670d52c03b43e6c05dfad85e,,78.39,94.34,80.79,76.62,98;2;0;0,time,15,-1,0,15,0,0,false,false,english,,normal,false,false,false,,1728926400000
670220823b43e6c05d7d8e4b,,89.58,98.25,89.58,85.75,112;0;0;0,time,15,-1,0,15,0,0,false,false,english,,normal,false,false,false,,1728192642000
6700b56a3b43e6c05d7106a1,,99.99,98.43,99.99,81.77,125;0;0;0,time,15,-1,0,15,0,0,false,false,english,,normal,false,false,false,,1728099690000
66ff3dd53b43e6c05d607082,,99.19,97.64,99.19,87.16,124;0;0;0,time,15,-1,0,15,0,0,false,false,english,,normal,false,false,false,,1728003541000
66ff0c593b43e6c05d5ef3d1,,84.78,94.64,84.78,81.14,106;0;0;0,time,15,-1,0,15,0,0,false,false,english,,normal,false,false,false,,1727990873000
66ff0c403b43e6c05d5ef2fe,,79.99,95.24,79.99,71.43,100;0;0;0,time,15,-1,0,15,0,0,false,false,english,,normal,false,false,false,,1727990848000
66f9c52c66c51bbe14693bf7,true,64.78,96.43,64.78,74.08,81;0;0;0,time,15,-1,0,15,0,0,false,false,english_25k,,normal,false,false,false,,1727644972000
66f9c51766c51bbe14693b62,true,67.99,92.39,67.99,77.83,85;0;0;0,time,15,-1,0,15,0,0,false,false,english_10k,,normal,false,false,false,,1727644951000
66f9c4fe66c51bbe14693ab7,true,75.99,93.14,75.99,73.05,95;0;0;0,time,15,-1,0,15,0,0,false,false,english_5k,,normal,false,false,false,,1727644926000
66f9c4e966c51bbe14693a1c,,90.38,98.26,90.38,66.78,113;0;0;0,time,15,-1,0,15,0,0,false,false,english,,normal,false,false,false,,1727644905000
66f8717566c51bbe145d0764,,99.19,97.64,99.19,85.14,124;0;0;0,time,15,-1,0,15,0,0,false,false,english,,normal,false,false,false,,1727558005000
66f8714866c51bbe145d05fa,,76.4,93.4,79.6,73.67,191;2;0;0,time,30,-1,0,30,0,0,false,false,english,,normal,false,false,false,,1727557960000
66f85b1c66c51bbe145c4c61,,73.99,89.95,73.99,64.18,185;0;0;0,time,30,-1,0,30,0,0,false,false,english,,normal,false,false,false,,1727552284000
66f733a066c51bbe1451bd76,,85.2,94.27,85.2,67.69,213;0;0;0,time,30,-1,0,30,0,0,false,false,english,,normal,false,false,false,,1727476640000
66f418e466c51bbe1429a33a,,84.79,95.58,84.79,73.73,212;0;0;0,time,30,-1,0,30,0,0,false,false,english,,normal,false,false,false,,1727273188000
66f254d766c51bbe14130ca8,,89.99,98.26,89.99,81.15,225;0;0;0,time,30,-1,0,30,0,0,false,false,english,,normal,false,false,false,,1727157462000
66f254ab66c51bbe14130b24,,92,97.58,98.4,87.15,115;0;2;0,time,15,-1,0,15,0,0,false,false,english,,normal,false,false,false,,1727157419000
66ef9d3e66c51bbe14f52692,,96.78,97.58,96.78,76.85,121;0;0;0,time,15,-1,0,15,0,0,false,false,english,,normal,false,false,false,,1726979390000
66ea43029f671a0853f27b56,,69.59,94,76.79,64.23,87;1;1;0,time,15,-1,0,15,0,0,false,false,english,,normal,false,false,false,,1726628610000
66e50ce5b6e6096ba396fe94,,86.38,96.43,86.38,81.79,108;0;0;0,time,15,-1,0,15,0,0,false,false,english,,normal,false,false,false,,1726287077000
66e3c8c27bdc8e96ca6721b8,,88.78,99.11,88.78,86.28,111;0;0;0,time,15,-1,0,15,0,0,false,false,english,,normal,false,false,false,,1726204098000
66e3c0b87bdc8e96ca66d60b,,59.99,95.18,63.99,80.35,75;1;0;0,time,15,-1,0,15,0,0,false,false,english_450k,,normal,false,false,false,,1726202040000
66e3c0857bdc8e96ca66d41b,true,66.39,94.32,66.39,74.44,83;0;0;0,time,15,-1,0,15,0,0,false,false,english_450k,,normal,false,false,false,,1726201989000
66e355547bdc8e96ca632864,,103.19,100,103.19,87.4,129;0;0;0,time,15,-1,0,15,0,0,false,false,english,,normal,false,false,false,,1726174548000
66e2535e7bdc8e96ca55a748,,93.58,98.32,93.58,75.44,117;0;0;0,time,15,-1,0,15,0,0,false,false,english,,normal,false,false,false,,1726108510000
66e133047bdc8e96ca47a4d9,,79.99,94.5,79.99,70.08,100;0;0;0,time,15,-1,0,15,0,0,false,false,english,,normal,false,false,false,,1726034692000
66ddf585191dd07a19972f03,,99.98,97.69,102.38,85.61,125;1;0;0,time,15,-1,0,15,0,0,false,false,english,,normal,false,false,false,,1725822341000
66dcfc81191dd07a198e16f3,true,84.8,95.54,88,84.64,106;2;0;1,time,15,-1,0,15,0,0,false,false,english_1k,,normal,false,false,false,,1725758593000
66dcdd58191dd07a198d6a77,true,65.57,91.49,70.36,68.92,82;1;0;0,time,15,-1,0,15.01,0,0,false,false,english_1k,,normal,false,false,false,,1725750616000
66dcdd2d191dd07a198d6989,,91.19,95.87,93.59,78.54,114;1;0;0,time,15,-1,0,15,0,0,false,false,english,,normal,false,false,false,,1725750573000
66dcdd17191dd07a198d6905,,93.59,99.16,93.59,85.84,117;0;0;0,time,15,-1,0,15,0,0,false,false,english,,normal,false,false,false,,1725750551000
66dcdc30191dd07a198d63d1,,90.38,96.64,93.58,69.31,113;2;0;0,time,15,-1,0,15,0,0,false,false,english,,normal,false,false,false,,1725750320000
66d8accd4b36e87ec53e5c2d,,92.79,95.08,92.79,77.17,116;0;0;0,time,15,-1,0,15,0,0,false,false,english,,normal,false,false,false,,1725476045000
66d7336a4b36e87ec52d2714,true,82,94.93,82,71.85,410;0;0;0,time,60,-1,0,60,0,0,false,false,english,,normal,false,false,false,,1725379434000
66d536024b36e87ec5187698,,75.39,91.81,76.59,66.48,377;2;0;1,time,60,-1,0,60.01,0,0,false,false,english,,normal,false,false,false,,1725249026000
66d5359a4b36e87ec5187300,,87.19,95.65,87.19,75.87,109;0;0;0,time,15,-1,0,15,0,0,false,false,english,,normal,false,false,false,,1725248922000
66d14aba4b36e87ec5f4fecb,,80.79,96.26,80.79,71.11,101;0;0;0,time,15,-1,0,15,0,0,false,false,english,,normal,false,false,false,,1724992186000
66d071b64b36e87ec5eb2d66,,99.19,97.64,99.19,74.9,124;0;0;0,time,15,-1,0,15,0,0,false,false,english,,normal,false,false,false,,1724936630000
66cf780c4b36e87ec5e1e0c4,,103.18,98.47,103.18,84.66,129;0;0;0,time,15,-1,0,15,0,0,false,false,english,,normal,false,false,false,,1724872716000
66cd59cb251883fe34cf3f69,,91.95,96.8,97.54,82.66,115;0;1;0,time,15,-1,0,15.01,0,0,false,false,english,,normal,false,false,false,,1724733899000
66cd597d251883fe34cf3c27,,106.38,99.26,106.38,80.49,133;0;0;0,time,15,-1,0,15,0,0,false,false,english,,normal,false,false,false,,1724733821000
66cbfce1251883fe34c047b0,,79.99,98.04,79.99,77.09,100;0;0;0,time,15,-1,0,15,0,0,false,false,english,,normal,false,false,false,,1724644577000
66cb64c9251883fe34bba61a,,92.79,96.67,92.79,74.59,116;0;0;0,time,15,-1,0,15,0,0,false,false,english,,normal,false,false,false,,1724605641000
66c54dc5cbf6e3c60fe46ca5,,87.98,93.28,87.98,69.66,110;0;0;0,time,15,-1,0,15,0,0,false,false,english,,normal,false,false,false,,1724206533000
66bd89b191888c3435ba772c,,92.78,96.69,92.78,70.85,116;0;0;0,time,15,-1,0,15,0,0,false,false,english,,normal,false,false,false,,1723697585000
66b667bc6ec615499abe1111,,103.98,96.35,107.18,86.23,130;1;0;1,time,15,-1,0,15,0,0,false,false,english,,normal,false,false,false,,1723230140000
668c22518fe0103e5f7f28d6,,72.79,80.49,95.98,84.45,91;14;3;1,time,15,-1,0,15,0,0,false,false,english,,normal,false,false,false,,1720459857000
665d46a93f4cde2f9d171dcc,,90.38,96.58,90.38,74.7,113;0;0;0,time,15,-1,0,15,0,0,false,false,english,,normal,false,false,false,,1717388969000
66515c3f6d1b0584d211bfd1,,69.57,97.75,69.57,66.6,87;0;0;0,time,15,-1,0,15.01,0,0,false,false,english,,normal,false,false,false,,1716608063000
66450e5eaf89d82c26f12929,,95.19,97.58,99.18,83.2,119;3;0;0,time,15,-1,0,15,0,0,false,false,english,,normal,false,false,false,,1715801694000
66450e42af89d82c26f127a7,,66.38,89,71.98,57.37,83;1;1;0,time,15,-1,0,15.01,0,0,false,false,english,,normal,false,false,false,,1715801666000
6645090baf89d82c26f0e470,,87.99,94.17,92.79,84.86,110;2;0;0,time,15,-1,0,15,0,0,false,false,english,,normal,false,false,false,,1715800331000
6643935f2b05a65a0530e502,,85.19,96.41,85.19,75.27,213;0;0;0,time,30,-1,0,30,0,0,false,false,english,,normal,false,false,false,,1715704671000
664393382b05a65a0530e27e,,84.78,96.4,84.78,73.98,106;0;0;0,time,15,-1,0,15,0,0,false,false,english,,normal,false,false,false,,1715704632000
664393232b05a65a0530e15e,,93.58,93.7,93.58,71.44,117;0;0;0,time,15,-1,0,15,0,0,false,false,english,,normal,false,false,false,,1715704611000
6642e5552b05a65a0528b850,,91.98,95.12,96.78,85.78,115;4;0;0,time,15,-1,0,15,0,0,false,false,english,,normal,false,false,false,,1715660117000
6642de8c2b05a65a05287ce7,,76.78,93.46,83.18,71.11,96;3;0;1,time,15,-1,0,15,0,0,false,false,english,,normal,false,false,false,,1715658380000
66416c15866cd8bb799bc71c,,87.99,98.23,87.99,73.07,110;0;0;0,time,15,-1,0,15,0,0,false,false,english,,normal,false,false,false,,1715563541000
66416bfc866cd8bb799bc641,,92.79,97.48,92.79,78.67,116;0;0;0,time,15,-1,0,15,0,0,false,false,english,,normal,false,false,false,,1715563516000
66412ec3866cd8bb799a3255,,90.4,95.83,90.4,81.18,113;0;0;0,time,15,-1,0,15,0,0,false,false,english,,normal,false,false,false,,1715547843000
66412eb0866cd8bb799a31d1,,83.98,95.45,83.98,73.81,105;0;0;0,time,15,-1,0,15,0,0,false,false,english,,normal,false,false,false,,1715547824000
66412e9b866cd8bb799a3138,,89.59,94.92,89.59,66.9,112;0;0;0,time,15,-1,0,15,0,0,false,false,english,,normal,false,false,false,,1715547803000
664121f7866cd8bb7999d091,,95.18,99.17,95.18,80.64,119;0;0;0,time,15,-1,0,15,0,0,false,false,english,,normal,false,false,false,,1715544567000
663fbb82866cd8bb798ec747,,97.59,99.19,97.59,76.35,122;0;0;0,time,15,-1,0,15,0,0,false,false,english,,normal,false,false,false,,1715452802000
663fbb6b866cd8bb798ec67d,,99.18,96.88,99.18,77.01,124;0;0;0,time,15,-1,0,15,0,0,false,false,english,,normal,false,false,false,,1715452779000
663fbab6866cd8bb798ec072,true,106.39,100,106.39,84.12,133;0;0;0,time,15,-1,0,15,0,0,false,false,english,,normal,false,false,false,,1715452598000
663fba9b866cd8bb798ebf7a,,84.79,94.12,91.19,77.23,106;2;0;0,time,15,-1,0,15,0,0,false,false,english,,normal,false,false,false,,1715452571000
663fba88866cd8bb798ebed5,,94.38,94.4,94.38,80.08,118;0;0;0,time,15,-1,0,15,0,0,false,false,english,,normal,false,false,false,,1715452552000
663479b3e7e7f153d05c47d7,,78.38,98.99,78.38,77.32,98;0;0;0,time,15,-1,0,15,0,0,false,false,english,,normal,false,false,false,,1714715059000
6634799fe7e7f153d05c4732,,83.17,97.3,87.97,76.44,104;0;2;0,time,15,-1,0,15,0,0,false,false,english,,normal,false,false,false,,1714715039000
662c137251ae38ff2d0bbbfc,,87.59,96.07,87.59,69.1,219;0;0;0,time,30,-1,0,30,0,0,false,false,english,,normal,false,false,false,,1714164594000
662b04842dfc811c3ac359a6,,87.99,96.55,87.99,72.08,220;0;0;0,time,30,-1,0,30,0,0,false,false,english,,normal,false,false,false,,1714095236000
662b01162dfc811c3ac33f4d,,90.79,95.47,93.99,70.38,227;3;0;0,time,30,-1,0,30,0,0,false,false,english,,normal,false,false,false,,1714094358000
662abe7a2dfc811c3ac120cf,,97.99,98.79,97.99,82.63,245;0;0;0,time,30,-1,0,30,0,0,false,false,english,,normal,false,false,false,,1714077306000
66209dc6a45a2d53710efd6f,,71.59,96.34,73.99,73.88,179;1;0;0,time,30,-1,0,30,0,0,false,false,english,,normal,false,false,false,,1713413574000
661ae521a45a2d5371d986de,,82,95.81,82,72.54,205;0;0;0,time,30,-1,0,30,0,0,false,false,english,,normal,false,false,false,,1713038625000
661ae4ffa45a2d5371d985e3,,79.19,93.18,85.99,71.98,198;5;1;2,time,30,-1,0,30,0,0,false,false,english,,normal,false,false,false,,1713038591000
661ae4d1a45a2d5371d9847c,,64.79,97.59,64.79,75.43,162;0;0;0,time,30,-1,0,30,0,0,false,false,english_450k,,normal,false,false,false,,1713038545000
6619a3f1a45a2d5371d0444f,,47.6,83.8,47.6,59.59,119;0;0;0,time,30,-1,0,30,0,0,false,false,english_450k,,normal,false,false,false,,1712956401000
6618bb45edab6d8ac575b90f,,84.39,97.71,84.39,76.45,211;0;0;0,time,30,-1,0,30,0,0,false,false,english,,normal,false,false,false,,1712896837000
6614ee28edab6d8ac54f881d,,76.4,95.05,76.4,75.17,191;0;0;0,time,30,-1,0,30,0,0,false,false,english,,normal,false,false,false,,1712647720000
6614ee01edab6d8ac54f86c9,,61.59,91.67,61.59,84.3,77;0;0;0,time,15,-1,0,15,0,0,false,false,english_5k,,normal,false,false,false,,1712647681000
660915d4150849667706b16d,true,64.78,94.25,64.78,67.78,81;0;0;0,time,15,-1,0,15,0,0,false,false,english_5k,,normal,false,false,false,,1711871444000
660915c1150849667706b0eb,true,43.99,80.88,43.99,48.64,55;0;0;0,time,15,-1,0,15,0,0,false,false,english_5k,,normal,false,false,false,,1711871425000
660915ab150849667706b045,,90.38,97.48,93.58,76.77,113;1;0;0,time,15,-1,0,15,0,0,false,false,english,,normal,false,false,false,,1711871403000
6602587e1508496677caedb3,true,99.99,100,99.99,86.38,125;0;0;0,time,15,-1,0,15,0,0,false,false,english,,normal,false,false,false,,1711429758000
6602586a1508496677caed2e,true,99.17,98.43,101.57,83.94,124;2;0;0,time,15,-1,0,15,0,0,false,false,english,,normal,false,false,false,,1711429738000
66019e241508496677c3d8eb,true,94.4,100,94.4,84.01,118;0;0;0,time,15,-1,0,15,0,0,false,false,english,,normal,false,false,false,,1711382052000
65f8a3539c9c7becc54c010c,,85.58,97.27,85.58,80.29,107;0;0;0,time,15,-1,0,15,0,0,false,false,english,,normal,false,false,false,,1710793555000
65f675959c9c7becc53810f6,true,90.38,97.44,90.38,73.44,113;0;0;0,time,15,-1,0,15,0,0,false,false,english,,normal,false,false,false,,1710650773000
65e8a071d7bfb8ea570d6232,,66.39,91.94,67.99,75.93,166;1;0;0,time,30,-1,0,30,0,0,false,false,english_1k,,normal,false,false,false,,1709744241000
65e8a03ed7bfb8ea570d5e16,,86.79,94.35,86.79,79.15,217;0;0;0,time,30,-1,0,30,0,0,false,false,english,,normal,false,false,false,,1709744190000
65e15930d7bfb8ea57c6b593,,71.59,90.55,71.59,65.51,179;0;0;0,time,30,-1,0,30,0,0,false,false,english,,normal,false,false,false,,1709267248000
65e1590bd7bfb8ea57c6b479,,58.79,94.23,58.79,75.98,147;0;0;0,time,30,-1,0,30,0,0,false,false,english_450k,,normal,false,false,false,,1709267211000
65dfa29b2c98ce4374501996,,52,88.24,54.4,65.17,130;1;0;0,time,30,-1,0,30,0,0,false,false,english_450k,,normal,false,false,false,,1709154971000
65dfa2742c98ce4374501808,,82.39,95,82.39,74.77,206;0;0;0,time,30,-1,0,30,0,0,false,false,english,,normal,false,false,false,,1709154932000
65deaa572c98ce437444c3aa,,93.99,99.16,93.99,78.98,235;0;0;0,time,30,-1,0,30,0,0,false,false,english,,normal,false,false,false,,1709091415000
65d6e57a2c98ce4374f9cb01,,83.19,97.2,83.19,75.79,208;0;0;0,time,30,-1,0,30,0,0,false,false,english,,normal,false,false,false,,1708582266000
65d589c92c98ce4374eb9994,,73.59,94.39,73.59,71.85,184;0;0;0,time,30,-1,0,30,0,0,false,false,english,,normal,false,false,false,,1708493257000
65d2593f2c98ce4374cce0e1,,52.39,87.01,52.39,62.46,131;0;0;0,time,30,-1,0,30.01,0,0,false,false,english_25k,,normal,false,false,false,,1708284223000
65d11ebd2c98ce4374c378b9,,90.4,97.84,90.4,74.15,226;0;0;0,time,30,-1,0,30,0,0,false,false,english,,normal,false,false,false,,1708203709000
65d115ba2c98ce4374c3335e,true,66.39,91.01,68.39,72.77,166;1;0;0,time,30,-1,0,30,0,0,false,false,english_10k,,normal,false,false,false,,1708201402000
65d114c02c98ce4374c32bd8,,82.79,94.12,82.79,68.76,207;0;0;0,time,30,-1,0,30,0,0,false,false,english,,normal,false,false,false,,1708201152000
65d1149d2c98ce4374c32ad0,,87.19,93.99,87.59,76.57,218;1;0;0,time,30,-1,0,30,0,0,false,false,english,,normal,false,false,false,,1708201117000
65d1147c2c98ce4374c329b8,,89.19,96.96,89.19,78.35,223;0;0;0,time,30,-1,0,30,0,0,false,false,english,,normal,false,false,false,,1708201084000
65d114592c98ce4374c328b6,,85.19,95.18,85.19,77.57,213;0;0;0,time,30,-1,0,30,0,0,false,false,english,,normal,false,false,false,,1708201049000
65d044f12c98ce4374bc571c,,89.19,97.39,89.19,74.72,223;0;0;0,time,30,-1,0,30,0,0,false,false,english,,normal,false,false,false,,1708147953000
65ce89c32c98ce4374ac46a4,true,78,93.38,78.2,69.32,390;1;0;0,time,60,-1,0,60,0,0,false,false,english,,normal,false,false,false,,1708034499000
65ce88e02c98ce4374ac3e63,true,70.79,96.22,70.79,74.5,177;0;0;0,time,30,-1,0,30,0,0,false,false,english_450k,,normal,false,false,false,,1708034272000
65ce83982c98ce4374ac0be9,,58.79,93.83,60.79,79.94,147;1;0;0,time,30,-1,0,30.01,0,0,false,false,english_450k,,normal,false,false,false,,1708032920000
65ce83732c98ce4374ac0aa1,,86.39,94.74,86.39,73.34,216;0;0;0,time,30,-1,0,30,0,0,false,false,english,,normal,false,false,false,,1708032883000
65ce834a2c98ce4374ac0929,,78.39,91.2,78.39,73.55,196;0;0;0,time,30,-1,0,30,0,0,false,false,english,,normal,false,false,false,,1708032842000
65ce5eae2c98ce4374aa4f86,,89.59,96.98,89.59,70.53,224;0;0;0,time,30,-1,0,30,0,0,false,false,english,,normal,false,false,false,,1708023470000
65ce5ae82c98ce4374aa1712,,97.99,99.59,97.99,84.77,245;0;0;0,time,30,-1,0,30,0,0,false,false,english,,normal,false,false,false,,1708022504000
65c93a5c4a1f8f32d780e0bf,,89.59,96.57,89.59,74.32,224;0;0;0,time,30,-1,0,30,0,0,false,false,english,,normal,false,false,false,,1707686492000
65c90c824a1f8f32d77f6468,,77.99,94.66,77.99,67.94,195;0;0;0,time,30,-1,0,30.01,0,0,false,false,english,,normal,false,false,false,,1707674754000
65c84def4a1f8f32d7794131,,77.99,92.86,77.99,70.96,195;0;0;0,time,30,-1,0,30,0,0,false,false,english,,normal,false,false,false,,1707625967000
65c84dcc4a1f8f32d7794009,,91.59,97.05,91.59,80.03,229;0;0;0,time,30,-1,0,30,0,0,false,false,english,,normal,false,false,false,,1707625932000
65c51c4d4a1f8f32d75d28af,,79.59,93.52,79.59,70.34,199;0;0;0,time,30,-1,0,30,0,0,false,false,english,,normal,false,false,false,,1707416653000
65c45917cb0ebaad372b6866,,79.99,95.31,79.99,70.6,200;0;0;0,time,30,-1,0,30,0,0,false,false,english,,normal,false,false,false,,1707366679000
65c458edcb0ebaad372b6705,,73.59,93.1,73.59,63.08,184;0;0;0,time,30,-1,0,30,0,0,false,false,english,,normal,false,false,false,,1707366637000
65c458cbcb0ebaad372b65e6,,75.19,91.71,75.19,69.52,188;0;0;0,time,30,-1,0,30,0,0,false,false,english,,normal,false,false,false,,1707366603000
65c458a9cb0ebaad372b64c7,,79.59,95.73,79.59,77.83,199;0;0;0,time,30,-1,0,30,0,0,false,false,english,,normal,false,false,false,,1707366569000
65c2a4aff6ceb016454cbdba,false,82.39,93.69,82.39,74.46,206;0;0;0,time,30,-1,0,30,0,0,false,false,english,,normal,false,false,false,,1707254959000
65c1aa8297665dc8e5763f5d,,83.59,95.43,83.59,75.97,209;0;0;0,time,30,-1,0,30,0,0,false,false,english,,normal,false,false,false,,1707190914000
65c16b1e97665dc8e5743bb8,,93.99,99.16,93.99,75.69,235;0;0;0,time,30,-1,0,30,0,0,false,false,english,,normal,false,false,false,,1707174686000
65c1536397665dc8e573638a,,88.39,96.1,88.39,71.92,221;0;0;0,time,30,-1,0,30,0,0,false,false,english,,normal,false,false,false,,1707168611000
65be913a97665dc8e55a3b54,true,59.19,90.8,59.19,73.25,148;0;0;0,time,30,-1,0,30,0,0,false,false,english_450k,,normal,false,false,false,,1706987834000
65be842b97665dc8e559cebe,,88.79,96.58,88.79,73.44,222;0;0;0,time,30,-1,0,30,0,0,false,false,english,,normal,false,false,false,,1706984491000
65b9c77097665dc8e52b20e8,,48.38,90.58,48.38,57.43,121;0;0;0,time,30,-1,0,30.01,0,0,false,false,english_25k,,normal,false,false,false,,1706674032000
65b9c74d97665dc8e52b1fdf,true,55.59,94.27,58.79,63.86,139;1;0;0,time,30,-1,0,30,0,0,false,false,english_25k,,normal,false,false,false,,1706673997000
65b6a94697665dc8e50d7961,,84.39,96.43,85.99,78.76,211;1;0;1,time,30,-1,0,30,0,0,false,false,english,,normal,false,false,false,,1706469702000
65b69f5d97665dc8e50d3df8,,91.19,98.71,91.19,76.57,228;0;0;0,time,30,-1,0,30,0,0,false,false,english,,normal,false,false,false,,1706467165000
65b5f15111c8b786c0f5b176,,88.78,97.37,88.78,76.81,222;0;0;0,time,30,-1,0,30.01,0,0,false,false,english,,normal,false,false,false,,1706422609000
65b32f0f11c8b786c0dd1899,,75.19,94.47,75.19,75.54,188;0;0;0,time,30,-1,0,30,0,0,false,false,english,,normal,false,false,false,,1706241807000
65b2dbfa11c8b786c0da91a6,,86.39,97.31,86.39,74.31,216;0;0;0,time,30,-1,0,30,0,0,false,false,english,,normal,false,false,false,,1706220538000
65b2dbcd11c8b786c0da8ffa,,75.58,95.96,75.58,76.66,189;0;0;0,time,30,-1,0,30.01,0,0,false,false,english_1k,,normal,false,false,false,,1706220493000
65b09bf5ae13999a0658e127,,59.19,89.29,61.19,72.88,148;4;1;0,time,30,-1,0,30.01,0,0,false,false,english_1k,,normal,false,false,false,,1706073077000
65b09bd4ae13999a0658e00d,,68.79,91.01,68.79,69.29,172;0;0;0,time,30,-1,0,30,0,0,false,false,english_1k,,normal,false,false,false,,1706073044000
65b09bb2ae13999a0658df0d,,69.59,94.05,69.59,71.27,174;0;0;0,time,30,-1,0,30,0,0,false,false,english_1k,,normal,false,false,false,,1706073010000
659905e1a65b7d25a1c5d3c1,,67.59,95.51,67.59,68.64,169;0;0;0,time,30,-1,0,30.01,0,0,false,false,english_1k,,normal,false,false,false,,1704527329000
658b64efa65b7d25a1588c69,,66.79,93.92,66.79,67.56,167;0;0;0,time,30,-1,0,30,0,0,false,false,english_1k,,normal,false,false,false,,1703634159000
657163846dbc38d131e95706,,72.79,95.83,73.99,76.27,182;1;0;0,time,30,-1,0,30,0,0,false,false,english_1k,,normal,false,false,false,,1701929860000
657163616dbc38d131e955bb,true,63.59,94.19,63.59,76.2,159;0;0;0,time,30,-1,0,30,0,0,false,false,english_10k,,normal,false,false,false,,1701929825000
6571633c6dbc38d131e9547b,,69.6,86.96,81.6,75.36,174;19;0;1,time,30,-1,0,30,0,0,false,false,english,,normal,false,false,false,,1701929788000
6571631b6dbc38d131e9537a,,76.38,95.26,81.98,74.44,191;2;2;0,time,30,-1,0,30.01,0,0,false,false,english,,normal,false,false,false,,1701929755000
657162f96dbc38d131e9525c,,79.19,95.19,79.19,71.9,198;0;0;0,time,30,-1,0,30,0,0,false,false,english,,normal,false,false,false,,1701929721000
657162316dbc38d131e94bf7,,80.79,96.65,80.79,79.54,202;0;0;0,time,30,-1,0,30,0,0,false,false,english,,normal,false,false,false,,1701929521000
656f9e5dd369732e0d9e4f63,,77.59,93.4,79.19,68.38,194;2;0;0,time,30,-1,0,30,0,0,false,false,english,,normal,false,false,false,,1701813853000
656f8786d369732e0d668ac6,,84.39,96.36,85.59,79.07,211;2;0;0,time,30,-1,0,30,0,0,false,false,english,,normal,false,false,false,,1701808006000
656f8383d369732e0d5e8451,,83.19,95.87,83.19,79,208;0;0;0,time,30,-1,0,30,0,0,false,false,english,,normal,false,false,false,,1701806979000
656ec9597275ef8140f9114c,,65.18,94.25,65.18,72.42,163;0;0;0,time,30,-1,0,30.01,0,0,false,false,english_1k,,normal,false,false,false,,1701759321000
656ec1b67275ef8140e9308b,,68.79,92.06,68.79,66.42,172;0;0;0,time,30,-1,0,30,0,0,false,false,english_1k,,normal,false,false,false,,1701757366000
656eaa7b7275ef8140b1bc4c,,78.4,97.03,78.4,71.07,196;0;0;0,time,30,-1,0,30,0,0,false,false,english,,normal,false,false,false,,1701751419000
656e433d7275ef8140cbd190,,83.59,96.36,84.39,70.69,209;1;0;1,time,30,-1,0,30,0,0,false,false,english,,normal,false,false,false,,1701724989000
656e2c447275ef81409bd280,,85.18,97.26,85.18,73.03,213;0;0;0,time,30,-1,0,30.01,0,0,false,false,english,,normal,false,false,false,,1701719108000
656e2c1f7275ef8140940061,,65.59,92.82,68.39,65.64,164;2;1;0,time,30,-1,0,30.01,0,0,false,false,english_1k,,normal,false,false,false,,1701719071000
656ce67c7275ef8140b8f494,,75.19,94.95,75.19,71.63,188;0;0;0,time,30,-1,0,30,0,0,false,false,english_1k,,normal,false,false,false,,1701635708000
656ccfef7275ef8140819019,,73.98,96,77.18,77.31,185;0;1;0,time,30,-1,0,30.01,0,0,false,false,english_1k,,normal,false,false,false,,1701629935000
656cc7a37275ef814071a821,true,77.99,97.03,77.99,74.01,195;0;0;0,time,30,-1,0,30,0,0,false,false,english_1k,,normal,false,false,false,,1701627811000
656cc7837275ef814071a702,,61.17,92.13,66.37,67.46,153;2;0;1,time,30,-1,0,30.01,0,0,false,false,english_1k,,normal,false,false,false,,1701627779000
656cc75f7275ef814071a5c3,,71.99,94.74,71.99,77.92,180;0;0;0,time,30,-1,0,30,0,0,false,false,english_1k,,normal,false,false,false,,1701627743000
656bb4527275ef814008d310,true,76.79,97.96,76.79,80.35,192;0;0;0,time,30,-1,0,30,0,0,false,false,english_1k,,normal,false,false,false,,1701557330000
656b97f87275ef8140c9a5fd,,70.39,95.21,71.99,70.03,176;2;0;0,time,30,-1,0,30.01,0,0,false,false,english_1k,,normal,false,false,false,,1701550072000
656b97d57275ef8140c9a4ef,,61.99,90,61.99,68.09,155;0;0;0,time,30,-1,0,30,0,0,false,false,english_1k,,normal,false,false,false,,1701550037000
6564d44b59405040bd157a3f,true,75.99,96.45,75.99,77.18,190;0;0;0,time,30,-1,0,30,0,0,false,false,english_1k,,normal,false,false,false,,1701106762000
65617af81c9917b51a84f18b,true,65.19,86.98,66.39,65.63,163;2;0;0,time,30,-1,0,30,0,0,false,false,english_1k,,normal,false,false,false,,1700887288000
655d416c0d82cb4950e8eb7b,,59.99,89.29,60.39,71.36,150;1;0;0,time,30,-1,0,30,0,0,false,false,english_10k,,normal,false,false,false,,1700610412000
6559a4c7fc0647e208b9ec9d,true,60.79,88.44,60.79,72.52,152;0;0;0,time,30,-1,0,30,0,0,false,false,english_10k,,normal,false,false,false,,1700373703000
6559a4a0fc0647e208b9eb85,true,57.59,87.01,63.59,72.9,144;2;2;0,time,30,-1,0,30,0,0,false,false,english_10k,,normal,false,false,false,,1700373664000
6559a3e7fc0647e208b236f0,,84.39,97.24,84.39,64.73,211;0;0;0,time,30,-1,0,30,0,0,false,false,english,,normal,false,false,false,,1700373479000
6559a251fc0647e208b22c6f,,77.98,91.67,79.58,72.6,195;1;0;0,time,30,-1,0,30.01,0,0,false,false,english,,normal,false,false,false,,1700373073000
65401daec150fabbd6cf3db7,,89.59,97.06,93.59,78.67,224;1;1;0,time,30,-1,0,30,0,0,false,false,english,,normal,false,false,false,,1698700718000
653d686bc150fabbd6f3ccb6,,82.78,94.59,82.78,70.89,207;0;0;0,time,30,-1,0,30.01,0,0,false,false,english,,normal,false,false,false,,1698523243000
6535acfd397591e76596ada5,,69.98,85.65,75.18,66.55,175;9;3;0,time,30,-1,0,30.01,0,0,false,false,english,,normal,false,false,false,,1698016509000
6535677e397591e765040636,,81.58,94.12,81.58,73.43,204;0;0;0,time,30,-1,0,30.01,0,0,false,false,english,,normal,false,false,false,,1697998718000
65356735397591e765040385,,73.57,92.08,73.57,72.1,184;0;0;0,time,30,-1,0,30.01,0,0,false,false,english,,normal,false,false,false,,1697998645000
652f5260397591e765008630,,91.57,96.68,91.57,80.06,229;0;0;0,time,30,-1,0,30.01,0,0,false,false,english,,normal,false,false,false,,1697600096000
652c2a83438cfd693d18a146,,83.18,91.67,83.98,75.83,208;2;0;0,time,30,-1,0,30.01,0,0,false,false,english,,normal,false,false,false,,1697393283000
652c2a06438cfd693d189d18,,92.39,97.88,92.39,75.5,231;0;0;0,time,30,-1,0,30,0,0,false,false,english,,normal,false,false,false,,1697393158000
652af77a438cfd693d90b41e,,84.36,96.83,84.36,77.98,211;0;0;0,time,30,-1,0,30.01,0,0,false,false,english,,normal,false,false,false,,1697314682000
652af4bc438cfd693d894762,,78.79,95.19,78.79,69.99,197;0;0;0,time,30,-1,0,30.01,0,0,false,false,english,,normal,false,false,false,,1697313980000
6528570d438cfd693dfa474a,,89.98,96.6,89.98,77.87,225;0;0;0,time,30,-1,0,30.01,0,0,false,false,english,,normal,false,false,false,,1697142541000
651e23a14cb4fabb7dfea615,,73.19,90.38,73.19,58.24,183;0;0;0,time,30,-1,0,30.01,0,0,false,false,english,,normal,false,false,false,,1696474017000
651779fc36bd0a3b02220736,,75.99,96.94,75.99,73.28,190;0;0;0,time,30,-1,0,30,0,0,false,false,english,,normal,false,false,false,,1696037372000
6515086936bd0a3b020bdd7a,,71.19,94.18,71.19,62.42,178;0;0;0,time,30,-1,0,30.01,0,0,false,false,english,,normal,false,false,false,,1695877225000
650fb78cdaab84819fda5610,,80.79,94.42,80.79,68.58,202;0;0;0,time,30,-1,0,30,0,0,false,false,english,,normal,false,false,false,,1695528844000
650f4b74daab84819f0065ef,,79.19,94.44,79.19,63.2,198;0;0;0,time,30,-1,0,30,0,0,false,false,english,,normal,false,false,false,,1695501172000
650d226cdaab84819f8056d0,,77.16,95.54,77.56,72.9,193;1;0;0,time,30,-1,0,30.02,0,0,false,false,english,,normal,false,false,false,,1695359596000
650d2249daab84819f8055de,,71.59,93.26,71.59,60.97,179;0;0;0,time,30,-1,0,30,0,0,false,false,english,,normal,false,false,false,,1695359561000
65092a51b3a5cd15267d2871,,84.38,97.24,84.38,77.8,211;0;0;0,time,30,-1,0,30.01,0,0,false,false,english,,normal,false,false,false,,1695099473000
65092383b3a5cd15266eac9b,,83.99,98.14,83.99,79.91,210;0;0;0,time,30,-1,0,30,0,0,false,false,english,,normal,false,false,false,,1695097731000
64fcc8441f44667c8ec42d3b,,63.99,88.54,69.19,64.7,160;3;1;0,time,30,-1,0,30,0,0,false,false,english,,normal,false,false,false,,1694287940000
64fcc8231f44667c8ec42c5c,,85.19,95.96,85.19,71.85,213;0;0;0,time,30,-1,0,30,0,0,false,false,english,,normal,false,false,false,,1694287907000
64f950ec1f44667c8eabbc2a,,83.17,96.4,86.77,83.05,208;0;4;0,time,30,-1,0,30.01,0,0,false,false,english,,normal,false,false,false,,1694060780000
64f60e831f44667c8e0b1b15,,70.39,87.75,71.59,58.02,176;1;0;0,time,30,-1,0,30.01,0,0,false,false,english,,normal,false,false,false,,1693847171000
64eea85383e8f7f36fc5c43d,,95.19,98.35,95.19,81.63,238;0;0;0,time,30,-1,0,30,0,0,false,false,english,,normal,false,false,false,,1693362259000
64eea3e083e8f7f36fbea73c,,69.17,93.58,69.17,72.94,173;0;0;0,time,30,-1,0,30.01,0,0,false,false,english,,normal,false,false,false,,1693361120000
64ed503283e8f7f36f0d3419,,91.57,97.46,91.57,79.84,229;0;0;0,time,30,-1,0,30.01,0,0,false,false,english,,normal,false,false,false,,1693274162000
64ed4bba83e8f7f36f06184f,,84.77,95.15,84.77,71.31,212;0;0;0,time,30,-1,0,30.01,0,0,false,false,english,,normal,false,false,false,,1693273018000
64ebfac783e8f7f36f5cbb00,,85.59,93.91,87.19,74.5,214;2;0;0,time,30,-1,0,30,0,0,false,false,english,,normal,false,false,false,,1693186759000
64ebfa7283e8f7f36f5cb926,,77.97,97.5,77.97,73.08,195;0;0;0,time,30,-1,0,30.01,0,0,false,false,english,,normal,false,false,false,,1693186674000
64eb88cc83e8f7f36f7acf3a,,85.96,96.85,85.96,75.93,215;0;0;0,time,30,-1,0,30.01,0,0,false,false,english,,normal,false,false,false,,1693157580000
64e98bb983e8f7f36f7ad4c6,,77.16,99.48,77.16,68.38,193;0;0;0,time,30,-1,0,30.01,1,0,false,false,english,,normal,false,false,false,,1693027257000
64e96b1b83e8f7f36f3b6110,,84.39,92.95,84.39,71.11,211;0;0;0,time,30,-1,0,30,0,0,false,false,english,,normal,false,false,false,,1693018907000
64e9691883e8f7f36f345d34,,75.18,94.09,75.18,66.38,188;0;0;0,time,30,-1,0,30.01,0,0,false,false,english,,normal,false,false,false,,1693018392000
64e9643d83e8f7f36f2d4be0,,87.19,96.51,87.19,71.01,218;0;0;0,time,30,-1,0,30,0,0,false,false,english,,normal,false,false,false,,1693017149000
64e955f683e8f7f36f112184,,79.99,98.06,79.99,75.42,200;0;0;0,time,30,-1,0,30,0,0,false,false,english,,normal,false,false,false,,1693013494000
64e91a1a83e8f7f36f997cf6,,79.59,97.07,79.59,74.63,199;0;0;0,time,30,-1,0,30,0,0,false,false,english,,normal,false,false,false,,1692998170000
64e919f883e8f7f36f997c0d,,75.19,94.12,75.19,66.39,188;0;0;0,time,30,-1,0,30,0,0,false,false,english,,normal,false,false,false,,1692998136000
64e81d9d5ba2af43db7e942a,,79.99,96.62,79.99,64.84,200;0;0;0,time,30,-1,0,30,0,0,false,false,english,,normal,false,false,false,,1692933533000
64e788fd5ba2af43db4ee53a,,73.19,90.43,73.19,64.18,183;0;0;0,time,30,-1,0,30,0,0,false,false,english,,normal,false,false,false,,1692895485000
64e6c9fb5ba2af43dbd0ed06,,81.57,98.1,81.57,77.87,204;0;0;0,time,30,-1,0,30.01,0,0,false,false,english,,normal,false,false,false,,1692846587000
64e6b4435ba2af43dba69cb5,,70.77,93.65,70.77,70.41,177;0;0;0,time,30,-1,0,30.01,0,0,false,false,english,,normal,false,false,false,,1692841027000
64e43241296972726c835f4e,true,82.38,96.71,82.38,69.72,206;0;0;0,time,30,-1,0,30.01,0,0,true,false,english,,normal,false,false,false,,1692676673000
64d6966b707edb24483bedc4,,77.17,91.55,77.17,77.48,193;0;0;0,time,30,-1,0,30.01,0,0,false,false,english,,normal,false,false,false,,1691784811000
64c53d980726bb8041868136,,84.8,96.85,84.8,81.67,212;0;0;0,time,30,-1,0,30,0,0,false,false,english,,normal,false,false,false,,1690647960000
64c327cb0726bb80417240e0,,85.6,95.54,85.6,73.73,214;0;0;0,time,30,-1,0,30,0,0,false,false,english,,normal,false,false,false,,1690511307000
64c2eccd0726bb804104a090,,83.97,96.79,83.97,79.3,210;0;0;0,time,30,-1,0,30.01,0,0,false,false,english,,normal,false,false,false,,1690496205000
64c2ecab0726bb8041049fd6,,74.38,96.92,74.38,73.13,186;0;0;0,time,30,-1,0,30.01,0,0,false,false,english,,normal,false,false,false,,1690496171000
64c2e8e20726bb8041fa6310,,86.34,97.31,86.34,77.84,216;0;0;0,time,30,-1,0,30.02,0,0,false,false,english,,normal,false,false,false,,1690495202000
64c291b20726bb804151fad0,,70.38,91.41,70.38,63.61,176;0;0;0,time,30,-1,0,30.01,0,0,false,false,english,,normal,false,false,false,,1690472882000
64c0a4ba0726bb804189d624,,81.57,94.06,81.57,70.17,204;0;0;0,time,30,-1,0,30.01,0,0,false,false,english,,normal,false,false,false,,1690346682000
64bf550f1c4eb310319e3160,,73.18,93.37,73.18,72.13,183;0;0;0,time,30,-1,0,30.01,0,0,false,false,english,,normal,false,false,false,,1690260751000
64bd6bde1c4eb31031e6ad34,,79.97,95.79,82.77,75.52,200;1;0;1,time,30,-1,0,30.01,0,0,false,false,english,,normal,false,false,false,,1690135518000
64bccb28a8e06b256c6365e0,,81.95,96.7,81.95,72.43,205;0;0;0,time,30,-1,0,30.02,0,0,false,false,english,,normal,false,false,false,,1690094376000
64b9ecb5a8e06b256cd19b1d,,82.37,94.09,82.37,74.05,206;0;0;0,time,30,-1,0,30.01,0,0,false,false,english,,normal,false,false,false,,1689906357000
64b97359a8e06b256cea09ba,,81.97,94.52,82.37,73.03,205;1;0;0,time,30,-1,0,30.01,0,0,false,false,english,,normal,false,false,false,,1689875289000
64b9456aa8e06b256c90ec28,,83.57,95.89,83.57,74.95,209;0;0;0,time,30,-1,0,30.01,0,0,false,false,english,,normal,false,false,false,,1689863530000
64b8af6ea8e06b256c6b4f01,,72.4,92.82,72.4,74.33,181;0;0;0,time,30,-1,0,30,0,0,false,false,english,,normal,false,false,false,,1689825134000
64b7fd35a8e06b256c0fcea3,,67.58,89.74,70.38,73.43,169;1;1;0,time,30,-1,0,30.01,0,0,false,false,english,,normal,false,false,false,,1689779509000
64b7432ea8e06b256ca648a4,,87.57,95.65,88.77,75.18,219;2;0;0,time,30,-1,0,30.01,0,0,false,false,english,,normal,false,false,false,,1689731886000
64b722e3a8e06b256c692815,,74,91.39,74.8,66.14,185;1;0;0,time,30,-1,0,30,0,0,false,false,english,,normal,false,false,false,,1689723619000
64b6b424a8e06b256c95e741,,85.6,95.59,85.6,77.45,214;0;0;0,time,30,-1,0,30,0,0,false,false,english,,normal,false,false,false,,1689695268000
64b5ba61a8e06b256cb26bdf,,61.2,92.9,62.8,46.62,153;0;0;1,time,30,-1,0,30,0,0,false,false,english,,normal,false,false,false,,1689631329000
64b57c59a8e06b256c37f2a8,,91.17,96.28,93.97,78.31,228;0;1;0,time,30,-1,0,30.01,0,0,false,false,english,,normal,false,false,false,,1689615449000
64b4a3aa73193c702e2f8e71,,76.37,93.24,76.37,70.69,191;0;0;0,time,30,-1,0,30.01,0,0,false,false,english,,normal,false,false,false,,1689559978000
64b4315173193c702e56b283,true,98.77,99.6,98.77,83.2,247;0;0;0,time,30,-1,0,30.01,0,0,false,false,english,,normal,false,false,false,,1689530705000
64b22dc373193c702e71c39c,,78,95.61,78,67.48,195;0;0;0,time,30,-1,0,30,0,0,false,false,english,,normal,false,false,false,,1689398723000
64b045b973193c702ec3a9fb,,79.57,96.62,79.57,70.93,199;0;0;0,time,30,-1,0,30.01,0,0,false,false,english,,normal,false,false,false,,1689273785000
64af39db73193c702ec02b88,,82.77,97.64,82.77,80.35,207;0;0;0,time,30,-1,0,30.01,0,0,false,false,english,,normal,false,false,false,,1689205211000
64aecae773193c702eee270e,,72.78,95.83,72.78,67.58,182;0;0;0,time,30,-1,0,30.01,0,0,false,false,english,,normal,false,false,false,,1689176807000
64ac925c73193c702ea5a27f,,85.57,95.96,85.57,75.27,214;0;0;0,time,30,-1,0,30.01,0,0,false,false,english,,normal,false,false,false,,1689031260000
64ab828d73193c702e9c9b0c,,85.57,96.85,85.57,76.96,214;0;0;0,time,30,-1,0,30.01,0,0,false,false,english,,normal,false,false,false,,1688961677000
64a9ad5373193c702e15f695,,82.37,95.83,82.37,74.29,206;0;0;0,time,30,-1,0,30.01,0,0,false,false,english,,normal,false,false,false,,1688841555000
64a6d0c473193c702e9c82d8,,76.4,95.07,76.4,63.88,191;0;0;0,time,30,-1,0,30,0,0,false,false,english,,normal,false,false,false,,1688654020000
64a582b873193c702e1cf596,,63.2,85.48,65.2,58.1,158;3;0;1,time,30,-1,0,30,0,0,false,false,english,,normal,false,false,false,,1688568504000
64a24a7073193c702ef1405a,,80,93.49,80,70.94,200;0;0;0,time,30,-1,2,30,0,26.83,false,false,english,,normal,false,false,false,,1688357488000
64a204e073193c702e6b81ba,,80.77,91.44,81.57,73.75,202;1;0;0,time,30,-1,1,30.01,0,15.97,false,false,english,,normal,false,false,false,,1688339680000
64a1a02573193c702eafee70,,72.78,94.39,73.18,63.63,182;1;0;0,time,30,-1,0,30.01,0,0,false,false,english,,normal,false,false,false,,1688313893000
64a19c6a73193c702ea9340d,,80.37,94.01,80.37,67.94,201;0;0;0,time,30,-1,0,30.01,0,0,false,false,english,,normal,false,false,false,,1688312938000
649faf33d221ff1891b095fa,true,92.37,98.72,92.37,81.75,231;0;0;0,time,30,-1,2,30.01,0,8.72,false,false,english,,normal,false,false,false,,1688186675000
649faf02d221ff1891b09502,,71.48,93.7,72.71,62.82,232;1;0;0,quote,3498,1,0,38.95,0,0,false,false,english,,normal,false,false,false,,1688186626000
649f2c8e35448da8d36816a1,,56.2,91.62,56.2,52.92,161;0;0;0,quote,1691,1,3,34.38,0,42.24,false,false,english,,normal,false,false,false,,1688153230000
649f2c2a35448da8d368142a,,68.09,96.69,68.09,62.96,146;0;0;0,quote,4764,1,2,25.73,0,25.97,false,false,english,,normal,false,false,false,,1688153130000
649f2bf035448da8d3681283,,58.69,93.17,61.18,63.69,259;0;0;1,quote,5307,1,2,52.96,0,2.06,false,false,english,,normal,false,false,false,,1688153072000
649f2b9d35448da8d3681034,,74.16,96.88,74.16,62.12,155;0;0;0,quote,1886,1,0,25.08,0,0,false,false,english,,normal,false,false,false,,1688152989000
649ef03635448da8d3f5ea17,,75.49,95.54,75.49,72.61,106;0;0;0,quote,4229,1,2,16.85,0,30.16,false,false,english,,normal,false,false,false,,1688137782000
649eef3635448da8d3f5e141,,77.17,96.52,77.17,72.17,193;0;0;0,time,30,-1,0,30.01,0,0,false,false,english,,normal,false,false,false,,1688137526000
649e3dd735448da8d3a0193a,,77.57,93.33,77.57,66.61,194;0;0;0,time,30,-1,0,30.01,0,0,false,false,english,,normal,false,false,false,,1688092119000
649da1db35448da8d379bfa6,,77.57,95.73,79.97,76.93,194;1;0;0,time,30,-1,1,30.01,0,0.92,false,false,english,,normal,false,false,false,,1688052187000
649da1b235448da8d379be1f,,68.68,97.01,68.68,64.84,193;0;0;0,quote,3542,1,0,33.72,0,0,false,false,english,,normal,false,false,false,,1688052146000
649cc177e4860e50dacd6dc6,,67.04,92.47,67.04,61.04,220;0;0;0,quote,2734,1,0,39.38,0,0,false,false,english,,normal,false,false,false,,1687994743000
649c538be4860e50dafdfd1a,,88.86,98.56,88.86,74.42,137;0;0;0,quote,3250,1,1,18.5,0,8.73,false,false,english,,normal,false,false,false,,1687966603000
649c5365e4860e50dafdfbc9,true,90.4,97.01,91.2,81.45,226;2;0;0,time,30,-1,0,30,0,0,false,false,english,,normal,false,false,false,,1687966565000
649c530ae4860e50dafdf8bd,,83.57,96.77,84.77,82.27,209;2;0;0,time,30,-1,0,30.01,0,0,false,false,english,,normal,false,false,false,,1687966474000
649c52b7e4860e50dafdf60b,true,90.37,96.23,90.37,75,226;0;0;0,time,30,-1,0,30.01,0,0,false,false,english,,normal,false,false,false,,1687966391000